,日期,概念名称,成分股数量,网址,代码
0,2023-02-13,数字水印,18,http://q.10jqka.com.cn/gn/detail/code/309050/,309050
1,2023-02-09,共封装光学（CPO）,15,http://q.10jqka.com.cn/gn/detail/code/309049/,309049
2,2023-02-07,固态电池,58,http://q.10jqka.com.cn/gn/detail/code/308294/,308294
3,2023-01-30,ChatGPT概念,59,http://q.10jqka.com.cn/gn/detail/code/309046/,309046
4,2023-01-29,成飞概念,33,http://q.10jqka.com.cn/gn/detail/code/309045/,309045
5,2023-01-05,国产航母,36,http://q.10jqka.com.cn/gn/detail/code/300236/,300236
6,2023-01-03,蒙脱石散,17,http://q.10jqka.com.cn/gn/detail/code/309044/,309044
7,2022-12-26,血氧仪,22,http://q.10jqka.com.cn/gn/detail/code/309042/,309042
8,2022-12-16,新冠特效药,29,http://q.10jqka.com.cn/gn/detail/code/309041/,309041
9,2022-12-09,POE胶膜,23,http://q.10jqka.com.cn/gn/detail/code/309040/,309040
10,2022-12-07,熊去氧胆酸,25,http://q.10jqka.com.cn/gn/detail/code/309038/,309038
11,2022-12-02,抗病毒面料,19,http://q.10jqka.com.cn/gn/detail/code/309035/,309035
12,2022-12-02,数据确权,47,http://q.10jqka.com.cn/gn/detail/code/309037/,309037
13,2022-11-28,抗原检测,72,http://q.10jqka.com.cn/gn/detail/code/309031/,309031
14,2022-11-25,证金持股,214,http://q.10jqka.com.cn/gn/detail/code/301715/,301715
15,2022-11-25,国企改革,1321,http://q.10jqka.com.cn/gn/detail/code/309034/,309034
16,2022-11-25,深圳国企改革,30,http://q.10jqka.com.cn/gn/detail/code/301171/,301171
17,2022-11-25,上海国企改革,72,http://q.10jqka.com.cn/gn/detail/code/301402/,301402
18,2022-11-25,央企国企改革,437,http://q.10jqka.com.cn/gn/detail/code/301546/,301546
19,2022-11-21,PET铜箔,25,http://q.10jqka.com.cn/gn/detail/code/309030/,309030
20,2022-11-16,AIGC概念,58,http://q.10jqka.com.cn/gn/detail/code/309025/,309025
21,2022-11-13,高压氧舱,10,http://q.10jqka.com.cn/gn/detail/code/309023/,309023
22,2022-11-09,Web3.0,50,http://q.10jqka.com.cn/gn/detail/code/309022/,309022
23,2022-10-20,创新药,113,http://q.10jqka.com.cn/gn/detail/code/308014/,308014
24,2022-09-16,信创,196,http://q.10jqka.com.cn/gn/detail/code/309020/,309020
25,2022-09-05,有机硅概念,37,http://q.10jqka.com.cn/gn/detail/code/301279/,301279
26,2022-08-10,空气能热泵,37,http://q.10jqka.com.cn/gn/detail/code/309007/,309007
27,2022-08-08,先进封装（Chiplet）,39,http://q.10jqka.com.cn/gn/detail/code/309004/,309004
28,2022-07-28,减速器,37,http://q.10jqka.com.cn/gn/detail/code/309000/,309000
29,2022-07-20,TOPCON电池,46,http://q.10jqka.com.cn/gn/detail/code/308992/,308992
30,2022-07-20,钙钛矿电池,33,http://q.10jqka.com.cn/gn/detail/code/308991/,308991
31,2022-07-18,生物质能发电,32,http://q.10jqka.com.cn/gn/detail/code/308989/,308989
32,2022-06-27,一体化压铸,28,http://q.10jqka.com.cn/gn/detail/code/308984/,308984
33,2022-06-13,F5G概念,23,http://q.10jqka.com.cn/gn/detail/code/308977/,308977
34,2022-06-08,比亚迪概念,339,http://q.10jqka.com.cn/gn/detail/code/308972/,308972
35,2022-06-07,超超临界发电,69,http://q.10jqka.com.cn/gn/detail/code/308969/,308969
36,2022-05-25,粮食概念,34,http://q.10jqka.com.cn/gn/detail/code/308956/,308956
37,2022-05-23,猴痘概念,58,http://q.10jqka.com.cn/gn/detail/code/308941/,308941
38,2022-05-13,方舱医院,56,http://q.10jqka.com.cn/gn/detail/code/308935/,308935
39,2022-05-11,噪声防治,16,http://q.10jqka.com.cn/gn/detail/code/308931/,308931
40,2022-05-07,露营经济,45,http://q.10jqka.com.cn/gn/detail/code/308926/,308926
41,2022-04-24,肝炎概念,116,http://q.10jqka.com.cn/gn/detail/code/308915/,308915
42,2022-04-12,统一大市场,83,http://q.10jqka.com.cn/gn/detail/code/308901/,308901
43,2022-03-28,MicroLED概念,24,http://q.10jqka.com.cn/gn/detail/code/308896/,308896
44,2022-03-24,毛发医疗,15,http://q.10jqka.com.cn/gn/detail/code/308893/,308893
45,2022-03-22,恒大概念,51,http://q.10jqka.com.cn/gn/detail/code/302144/,302144
46,2022-03-21,华为欧拉,19,http://q.10jqka.com.cn/gn/detail/code/308887/,308887
47,2022-03-21,疫情监测,41,http://q.10jqka.com.cn/gn/detail/code/308888/,308888
48,2022-03-18,家庭医生,25,http://q.10jqka.com.cn/gn/detail/code/308885/,308885
49,2022-03-17,华为鲲鹏,51,http://q.10jqka.com.cn/gn/detail/code/308883/,308883
50,2022-03-17,低辐射玻璃（Low-E）,11,http://q.10jqka.com.cn/gn/detail/code/308876/,308876
51,2022-03-16,国资云,35,http://q.10jqka.com.cn/gn/detail/code/308874/,308874
52,2022-03-11,电子身份证,36,http://q.10jqka.com.cn/gn/detail/code/308869/,308869
53,2022-03-11,数字经济,191,http://q.10jqka.com.cn/gn/detail/code/308870/,308870
54,2022-03-08,金属铅,17,http://q.10jqka.com.cn/gn/detail/code/308864/,308864
55,2022-03-06,托育服务,21,http://q.10jqka.com.cn/gn/detail/code/308862/,308862
56,2022-02-28,跨境支付（CIPS）,47,http://q.10jqka.com.cn/gn/detail/code/308855/,308855
57,2022-02-27,中俄贸易概念,89,http://q.10jqka.com.cn/gn/detail/code/308854/,308854
58,2022-02-24,俄乌冲突概念,66,http://q.10jqka.com.cn/gn/detail/code/308850/,308850
59,2022-02-23,东数西算（算力）,75,http://q.10jqka.com.cn/gn/detail/code/308828/,308828
60,2022-02-18,智慧灯杆,30,http://q.10jqka.com.cn/gn/detail/code/308841/,308841
61,2022-02-17,土壤修复,70,http://q.10jqka.com.cn/gn/detail/code/300925/,300925
62,2022-01-28,民爆概念,18,http://q.10jqka.com.cn/gn/detail/code/308834/,308834
63,2022-01-27,股权转让,126,http://q.10jqka.com.cn/gn/detail/code/302154/,302154
64,2022-01-27,PCB概念,49,http://q.10jqka.com.cn/gn/detail/code/308832/,308832
65,2022-01-27,抖音概念,95,http://q.10jqka.com.cn/gn/detail/code/308366/,308366
66,2022-01-26,硅能源,35,http://q.10jqka.com.cn/gn/detail/code/308829/,308829
67,2022-01-17,重组蛋白,15,http://q.10jqka.com.cn/gn/detail/code/308822/,308822
68,2022-01-14,新冠治疗,107,http://q.10jqka.com.cn/gn/detail/code/308820/,308820
69,2022-01-07,电子纸,17,http://q.10jqka.com.cn/gn/detail/code/301135/,301135
70,2022-01-05,幽门螺杆菌概念,63,http://q.10jqka.com.cn/gn/detail/code/308818/,308818
71,2022-01-04,预制菜,89,http://q.10jqka.com.cn/gn/detail/code/308814/,308814
72,2021-12-28,沪股通,594,http://q.10jqka.com.cn/gn/detail/code/301490/,301490
73,2021-12-15,柔性直流输电,44,http://q.10jqka.com.cn/gn/detail/code/308810/,308810
74,2021-12-14,DRG/DIP概念,14,http://q.10jqka.com.cn/gn/detail/code/308809/,308809
75,2021-12-06,汽车热管理,79,http://q.10jqka.com.cn/gn/detail/code/308805/,308805
76,2021-12-06,高压快充,38,http://q.10jqka.com.cn/gn/detail/code/308806/,308806
77,2021-12-03,EDR概念,18,http://q.10jqka.com.cn/gn/detail/code/308803/,308803
78,2021-11-29,新股与次新股,413,http://q.10jqka.com.cn/gn/detail/code/300870/,300870
79,2021-11-29,新型烟草,44,http://q.10jqka.com.cn/gn/detail/code/301362/,301362
80,2021-11-29,数据安全,60,http://q.10jqka.com.cn/gn/detail/code/308801/,308801
81,2021-11-16,虚拟数字人,64,http://q.10jqka.com.cn/gn/detail/code/308794/,308794
82,2021-11-04,智能制造,104,http://q.10jqka.com.cn/gn/detail/code/308792/,308792
83,2021-11-03,WiFi 6,25,http://q.10jqka.com.cn/gn/detail/code/308791/,308791
84,2021-10-18,换电概念,50,http://q.10jqka.com.cn/gn/detail/code/308775/,308775
85,2021-10-15,培育钻石,13,http://q.10jqka.com.cn/gn/detail/code/308774/,308774
86,2021-09-23,年报预增,545,http://q.10jqka.com.cn/gn/detail/code/308458/,308458
87,2021-09-22,虚拟电厂,52,http://q.10jqka.com.cn/gn/detail/code/308761/,308761
88,2021-09-22,绿色电力,140,http://q.10jqka.com.cn/gn/detail/code/308760/,308760
89,2021-09-08,元宇宙,146,http://q.10jqka.com.cn/gn/detail/code/308752/,308752
90,2021-09-08,抽水蓄能,37,http://q.10jqka.com.cn/gn/detail/code/308753/,308753
91,2021-09-07,NFT概念,63,http://q.10jqka.com.cn/gn/detail/code/308748/,308748
92,2021-09-02,PVDF概念,11,http://q.10jqka.com.cn/gn/detail/code/308742/,308742
93,2021-09-02,北交所概念,17,http://q.10jqka.com.cn/gn/detail/code/308743/,308743
94,2021-08-23,工业母机,63,http://q.10jqka.com.cn/gn/detail/code/300941/,300941
95,2021-08-12,专精特新,611,http://q.10jqka.com.cn/gn/detail/code/308740/,308740
96,2021-07-14,钠离子电池,62,http://q.10jqka.com.cn/gn/detail/code/301096/,301096
97,2021-07-06,CRO概念,35,http://q.10jqka.com.cn/gn/detail/code/308734/,308734
98,2021-07-05,富媒体,30,http://q.10jqka.com.cn/gn/detail/code/308648/,308648
99,2021-06-21,牙科医疗,23,http://q.10jqka.com.cn/gn/detail/code/308733/,308733
100,2021-06-21,MCU芯片,40,http://q.10jqka.com.cn/gn/detail/code/308300/,308300
101,2021-06-11,共同富裕示范区,137,http://q.10jqka.com.cn/gn/detail/code/308732/,308732
102,2021-06-02,鸿蒙概念,39,http://q.10jqka.com.cn/gn/detail/code/308731/,308731
103,2021-05-10,天然气,126,http://q.10jqka.com.cn/gn/detail/code/300358/,300358
104,2021-05-10,食品安全,40,http://q.10jqka.com.cn/gn/detail/code/300023/,300023
105,2021-05-10,新材料概念,308,http://q.10jqka.com.cn/gn/detail/code/300883/,300883
106,2021-05-10,农业种植,47,http://q.10jqka.com.cn/gn/detail/code/308016/,308016
107,2021-05-10,生态农业,35,http://q.10jqka.com.cn/gn/detail/code/300923/,300923
108,2021-05-10,特钢概念,24,http://q.10jqka.com.cn/gn/detail/code/300845/,300845
109,2021-05-10,期货概念,72,http://q.10jqka.com.cn/gn/detail/code/300220/,300220
110,2021-05-10,猪肉,33,http://q.10jqka.com.cn/gn/detail/code/300451/,300451
111,2021-04-22,储能,313,http://q.10jqka.com.cn/gn/detail/code/306380/,306380
112,2021-04-16,华为汽车,71,http://q.10jqka.com.cn/gn/detail/code/308507/,308507
113,2021-03-10,中芯国际概念,52,http://q.10jqka.com.cn/gn/detail/code/308690/,308690
114,2021-03-08,光伏建筑一体化,88,http://q.10jqka.com.cn/gn/detail/code/308729/,308729
115,2021-03-01,碳中和,142,http://q.10jqka.com.cn/gn/detail/code/308728/,308728
116,2021-02-20,数据中心,183,http://q.10jqka.com.cn/gn/detail/code/308642/,308642
117,2021-02-20,REITs概念,37,http://q.10jqka.com.cn/gn/detail/code/308651/,308651
118,2021-02-20,碳交易,39,http://q.10jqka.com.cn/gn/detail/code/300931/,300931
119,2021-02-20,传感器,68,http://q.10jqka.com.cn/gn/detail/code/301016/,301016
120,2021-02-18,光刻胶,42,http://q.10jqka.com.cn/gn/detail/code/308582/,308582
121,2021-02-18,农机,34,http://q.10jqka.com.cn/gn/detail/code/301306/,301306
122,2021-02-18,仿制药一致性评价,84,http://q.10jqka.com.cn/gn/detail/code/308572/,308572
123,2021-02-18,无线充电,33,http://q.10jqka.com.cn/gn/detail/code/300723/,300723
124,2021-02-18,安防,107,http://q.10jqka.com.cn/gn/detail/code/300800/,300800
125,2021-02-18,网络安全,129,http://q.10jqka.com.cn/gn/detail/code/300756/,300756
126,2021-02-18,消费电子概念,156,http://q.10jqka.com.cn/gn/detail/code/308384/,308384
127,2021-02-18,氢能源,183,http://q.10jqka.com.cn/gn/detail/code/308491/,308491
128,2021-02-09,汽车芯片,54,http://q.10jqka.com.cn/gn/detail/code/308725/,308725
129,2021-02-04,知识产权保护,50,http://q.10jqka.com.cn/gn/detail/code/308172/,308172
130,2021-02-04,机器人概念,355,http://q.10jqka.com.cn/gn/detail/code/300816/,300816
131,2021-02-04,煤化工,77,http://q.10jqka.com.cn/gn/detail/code/300084/,300084
132,2021-02-04,自由贸易港,28,http://q.10jqka.com.cn/gn/detail/code/306398/,306398
133,2021-02-04,智能家居,116,http://q.10jqka.com.cn/gn/detail/code/300920/,300920
134,2021-02-03,供应链金融,53,http://q.10jqka.com.cn/gn/detail/code/301284/,301284
135,2021-02-03,长三角一体化,133,http://q.10jqka.com.cn/gn/detail/code/308432/,308432
136,2021-02-03,富士康概念,52,http://q.10jqka.com.cn/gn/detail/code/307954/,307954
137,2021-02-03,数字乡村,59,http://q.10jqka.com.cn/gn/detail/code/308525/,308525
138,2021-02-03,禽流感,30,http://q.10jqka.com.cn/gn/detail/code/300075/,300075
139,2021-02-03,在线旅游,29,http://q.10jqka.com.cn/gn/detail/code/301223/,301223
140,2021-02-01,网络直播,110,http://q.10jqka.com.cn/gn/detail/code/302059/,302059
141,2021-02-01,3D打印,60,http://q.10jqka.com.cn/gn/detail/code/300127/,300127
142,2021-02-01,租售同权,20,http://q.10jqka.com.cn/gn/detail/code/302034/,302034
143,2021-01-29,云游戏,21,http://q.10jqka.com.cn/gn/detail/code/308624/,308624
144,2021-01-29,工业4.0,201,http://q.10jqka.com.cn/gn/detail/code/301620/,301620
145,2021-01-29,两轮车,18,http://q.10jqka.com.cn/gn/detail/code/301248/,301248
146,2021-01-28,ETC,40,http://q.10jqka.com.cn/gn/detail/code/308555/,308555
147,2021-01-28,丙烯酸,7,http://q.10jqka.com.cn/gn/detail/code/305376/,305376
148,2021-01-28,供销社,15,http://q.10jqka.com.cn/gn/detail/code/301669/,301669
149,2021-01-27,军民融合,135,http://q.10jqka.com.cn/gn/detail/code/301786/,301786
150,2021-01-27,海工装备,35,http://q.10jqka.com.cn/gn/detail/code/300105/,300105
151,2021-01-27,HJT电池,46,http://q.10jqka.com.cn/gn/detail/code/308632/,308632
152,2021-01-26,民营医院,63,http://q.10jqka.com.cn/gn/detail/code/301346/,301346
153,2021-01-26,智慧政务,109,http://q.10jqka.com.cn/gn/detail/code/308606/,308606
154,2021-01-25,新型城镇化,122,http://q.10jqka.com.cn/gn/detail/code/300841/,300841
155,2021-01-22,基因测序,48,http://q.10jqka.com.cn/gn/detail/code/301146/,301146
156,2021-01-22,在线教育,119,http://q.10jqka.com.cn/gn/detail/code/301227/,301227
157,2021-01-22,健康中国,107,http://q.10jqka.com.cn/gn/detail/code/301799/,301799
158,2021-01-22,转基因,11,http://q.10jqka.com.cn/gn/detail/code/300435/,300435
159,2021-01-22,车联网,96,http://q.10jqka.com.cn/gn/detail/code/300163/,300163
160,2021-01-22,云计算,190,http://q.10jqka.com.cn/gn/detail/code/300419/,300419
161,2021-01-22,赛马概念,9,http://q.10jqka.com.cn/gn/detail/code/301602/,301602
162,2021-01-22,烟草,29,http://q.10jqka.com.cn/gn/detail/code/308560/,308560
163,2021-01-22,工业互联网,163,http://q.10jqka.com.cn/gn/detail/code/301780/,301780
164,2021-01-22,节能环保,248,http://q.10jqka.com.cn/gn/detail/code/300730/,300730
165,2021-01-22,举牌,20,http://q.10jqka.com.cn/gn/detail/code/300269/,300269
166,2021-01-22,职业教育,94,http://q.10jqka.com.cn/gn/detail/code/301539/,301539
167,2021-01-22,垃圾分类,89,http://q.10jqka.com.cn/gn/detail/code/308566/,308566
168,2021-01-22,拼多多概念,17,http://q.10jqka.com.cn/gn/detail/code/308709/,308709
169,2021-01-22,OLED,120,http://q.10jqka.com.cn/gn/detail/code/301154/,301154
170,2021-01-22,互联网金融,122,http://q.10jqka.com.cn/gn/detail/code/301209/,301209
171,2021-01-21,新冠检测,106,http://q.10jqka.com.cn/gn/detail/code/308719/,308719
172,2021-01-19,同花顺漂亮100,101,http://q.10jqka.com.cn/gn/detail/code/308718/,308718
173,2021-01-07,物业管理,72,http://q.10jqka.com.cn/gn/detail/code/308717/,308717
174,2021-01-05,特斯拉,210,http://q.10jqka.com.cn/gn/detail/code/301121/,301121
175,2020-12-18,电力物联网,56,http://q.10jqka.com.cn/gn/detail/code/308477/,308477
176,2020-12-18,钒电池,26,http://q.10jqka.com.cn/gn/detail/code/301174/,301174
177,2020-12-18,煤炭概念,66,http://q.10jqka.com.cn/gn/detail/code/308716/,308716
178,2020-11-16,医美概念,62,http://q.10jqka.com.cn/gn/detail/code/308712/,308712
179,2020-11-09,社区团购,30,http://q.10jqka.com.cn/gn/detail/code/308710/,308710
180,2020-10-22,辅助生殖,60,http://q.10jqka.com.cn/gn/detail/code/308708/,308708
181,2020-09-04,第三代半导体,74,http://q.10jqka.com.cn/gn/detail/code/308700/,308700
182,2020-08-21,科创次新股,114,http://q.10jqka.com.cn/gn/detail/code/308699/,308699
183,2020-08-21,核准制次新股,67,http://q.10jqka.com.cn/gn/detail/code/308698/,308698
184,2020-08-21,注册制次新股,140,http://q.10jqka.com.cn/gn/detail/code/308697/,308697
185,2020-08-13,代糖概念,18,http://q.10jqka.com.cn/gn/detail/code/308696/,308696
186,2020-08-04,可降解塑料,61,http://q.10jqka.com.cn/gn/detail/code/301117/,301117
187,2020-08-04,汽车拆解概念,14,http://q.10jqka.com.cn/gn/detail/code/308694/,308694
188,2020-07-14,NMN概念,23,http://q.10jqka.com.cn/gn/detail/code/308692/,308692
189,2020-06-02,海南自贸区,31,http://q.10jqka.com.cn/gn/detail/code/308428/,308428
190,2020-06-02,快手概念,33,http://q.10jqka.com.cn/gn/detail/code/308659/,308659
191,2020-06-02,室外经济,24,http://q.10jqka.com.cn/gn/detail/code/308661/,308661
192,2020-05-29,免税店,34,http://q.10jqka.com.cn/gn/detail/code/308657/,308657
193,2020-05-19,国家大基金持股,42,http://q.10jqka.com.cn/gn/detail/code/307816/,307816
194,2020-04-24,参股保险,87,http://q.10jqka.com.cn/gn/detail/code/300018/,300018
195,2020-04-24,装配式建筑,86,http://q.10jqka.com.cn/gn/detail/code/305794/,305794
196,2020-04-24,大飞机,84,http://q.10jqka.com.cn/gn/detail/code/300013/,300013
197,2020-04-24,大豆,9,http://q.10jqka.com.cn/gn/detail/code/301123/,301123
198,2020-03-27,C2M概念,36,http://q.10jqka.com.cn/gn/detail/code/308646/,308646
199,2020-02-06,医疗废物处理,33,http://q.10jqka.com.cn/gn/detail/code/308638/,308638
200,2020-02-05,消毒剂,58,http://q.10jqka.com.cn/gn/detail/code/308636/,308636
201,2020-02-02,云办公,35,http://q.10jqka.com.cn/gn/detail/code/308634/,308634
202,2019-12-26,网红经济,77,http://q.10jqka.com.cn/gn/detail/code/308630/,308630
203,2019-12-16,MiniLED,65,http://q.10jqka.com.cn/gn/detail/code/308628/,308628
204,2019-12-03,胎压监测,28,http://q.10jqka.com.cn/gn/detail/code/308620/,308620
205,2019-11-04,无线耳机,83,http://q.10jqka.com.cn/gn/detail/code/308612/,308612
206,2019-09-20,标普道琼斯A股,1088,http://q.10jqka.com.cn/gn/detail/code/308594/,308594
207,2019-08-26,分拆上市意愿,73,http://q.10jqka.com.cn/gn/detail/code/308590/,308590
208,2019-08-05,宠物经济,33,http://q.10jqka.com.cn/gn/detail/code/308588/,308588
209,2019-07-31,新零售,189,http://q.10jqka.com.cn/gn/detail/code/302436/,302436
210,2019-06-20,创业板重组松绑,177,http://q.10jqka.com.cn/gn/detail/code/308568/,308568
211,2019-06-04,黑龙江自贸区,40,http://q.10jqka.com.cn/gn/detail/code/308547/,308547
212,2019-05-24,动物疫苗,16,http://q.10jqka.com.cn/gn/detail/code/308537/,308537
213,2019-05-20,国产操作系统,59,http://q.10jqka.com.cn/gn/detail/code/308531/,308531
214,2019-05-17,华为海思概念股,22,http://q.10jqka.com.cn/gn/detail/code/308527/,308527
215,2019-05-16,草地贪夜蛾防治,18,http://q.10jqka.com.cn/gn/detail/code/308523/,308523
216,2019-05-06,人造肉,17,http://q.10jqka.com.cn/gn/detail/code/308517/,308517
217,2019-04-10,超级真菌,20,http://q.10jqka.com.cn/gn/detail/code/308501/,308501
218,2019-03-12,数字孪生,73,http://q.10jqka.com.cn/gn/detail/code/308479/,308479
219,2019-03-04,超清视频,94,http://q.10jqka.com.cn/gn/detail/code/308473/,308473
220,2019-02-13,柔性屏,68,http://q.10jqka.com.cn/gn/detail/code/308467/,308467
221,2019-02-11,养鸡,21,http://q.10jqka.com.cn/gn/detail/code/301576/,301576
222,2018-12-03,芬太尼,6,http://q.10jqka.com.cn/gn/detail/code/308438/,308438
223,2018-05-10,送转填权,2,http://q.10jqka.com.cn/gn/detail/code/308296/,308296
224,2018-04-21,环氧丙烷,14,http://q.10jqka.com.cn/gn/detail/code/308202/,308202
225,2018-03-02,独角兽概念,107,http://q.10jqka.com.cn/gn/detail/code/308002/,308002
226,2018-02-01,盐湖提锂,43,http://q.10jqka.com.cn/gn/detail/code/307904/,307904
227,2018-01-08,动力电池回收,52,http://q.10jqka.com.cn/gn/detail/code/307822/,307822
228,2018-01-08,水泥概念,36,http://q.10jqka.com.cn/gn/detail/code/307826/,307826
229,2017-12-11,冰雪产业,17,http://q.10jqka.com.cn/gn/detail/code/307550/,307550
230,2017-12-08,石墨电极,16,http://q.10jqka.com.cn/gn/detail/code/307512/,307512
231,2017-12-01,边缘计算,101,http://q.10jqka.com.cn/gn/detail/code/307408/,307408
232,2017-11-12,宁德时代概念,188,http://q.10jqka.com.cn/gn/detail/code/306912/,306912
233,2017-10-30,超级品牌,31,http://q.10jqka.com.cn/gn/detail/code/306750/,306750
234,2017-09-14,燃料乙醇,5,http://q.10jqka.com.cn/gn/detail/code/305790/,305790
235,2017-07-05,无人零售,18,http://q.10jqka.com.cn/gn/detail/code/304756/,304756
236,2017-06-13,MSCI概念,575,http://q.10jqka.com.cn/gn/detail/code/303944/,303944
237,2017-06-02,特色小镇,35,http://q.10jqka.com.cn/gn/detail/code/302674/,302674
238,2017-04-02,雄安新区,187,http://q.10jqka.com.cn/gn/detail/code/302182/,302182
239,2017-02-22,钴,28,http://q.10jqka.com.cn/gn/detail/code/302174/,302174
240,2016-12-15,共享单车,10,http://q.10jqka.com.cn/gn/detail/code/302166/,302166
241,2016-09-29,网约车,20,http://q.10jqka.com.cn/gn/detail/code/302142/,302142
242,2016-09-11,人民币贬值受益,342,http://q.10jqka.com.cn/gn/detail/code/301726/,301726
243,2016-09-10,可燃冰,12,http://q.10jqka.com.cn/gn/detail/code/300277/,300277
244,2016-09-06,燃料电池,162,http://q.10jqka.com.cn/gn/detail/code/300316/,300316
245,2016-09-06,区块链,236,http://q.10jqka.com.cn/gn/detail/code/302045/,302045
246,2016-08-22,蚂蚁金服概念,55,http://q.10jqka.com.cn/gn/detail/code/302150/,302150
247,2016-08-06,债转股(AMC概念),52,http://q.10jqka.com.cn/gn/detail/code/302046/,302046
248,2016-06-08,智能音箱,22,http://q.10jqka.com.cn/gn/detail/code/302131/,302131
249,2016-03-08,人工智能,304,http://q.10jqka.com.cn/gn/detail/code/302035/,302035
250,2016-02-22,电子竞技,30,http://q.10jqka.com.cn/gn/detail/code/302027/,302027
251,2016-02-14,腾讯概念,111,http://q.10jqka.com.cn/gn/detail/code/302010/,302010
252,2016-01-21,数字货币,69,http://q.10jqka.com.cn/gn/detail/code/301997/,301997
253,2015-10-21,智能物流,79,http://q.10jqka.com.cn/gn/detail/code/301797/,301797
254,2015-10-08,青蒿素,10,http://q.10jqka.com.cn/gn/detail/code/301794/,301794
255,2015-09-08,杭州亚运会,69,http://q.10jqka.com.cn/gn/detail/code/301783/,301783
256,2015-07-24,中船系,10,http://q.10jqka.com.cn/gn/detail/code/301713/,301713
257,2015-06-10,虚拟现实,228,http://q.10jqka.com.cn/gn/detail/code/301699/,301699
258,2015-04-16,智能交通,93,http://q.10jqka.com.cn/gn/detail/code/300440/,300440
259,2015-03-25,互联网医疗,95,http://q.10jqka.com.cn/gn/detail/code/300444/,300444
260,2015-01-07,深股通,900,http://q.10jqka.com.cn/gn/detail/code/301636/,301636
261,2014-12-23,农村电商,38,http://q.10jqka.com.cn/gn/detail/code/301632/,301632
262,2014-12-19,广东自贸区,23,http://q.10jqka.com.cn/gn/detail/code/301630/,301630
263,2014-12-11,互联网保险,18,http://q.10jqka.com.cn/gn/detail/code/301628/,301628
264,2014-12-04,地下管网,62,http://q.10jqka.com.cn/gn/detail/code/301623/,301623
265,2014-12-04,PPP概念,170,http://q.10jqka.com.cn/gn/detail/code/301624/,301624
266,2014-10-28,壳资源,71,http://q.10jqka.com.cn/gn/detail/code/301610/,301610
267,2014-10-23,体育产业,75,http://q.10jqka.com.cn/gn/detail/code/301605/,301605
268,2014-10-08,玉米,20,http://q.10jqka.com.cn/gn/detail/code/301572/,301572
269,2014-10-08,金属铜,35,http://q.10jqka.com.cn/gn/detail/code/301577/,301577
270,2014-10-08,金属锌,20,http://q.10jqka.com.cn/gn/detail/code/301582/,301582
271,2014-09-24,医药电商,54,http://q.10jqka.com.cn/gn/detail/code/301565/,301565
272,2014-09-23,跨境电商,139,http://q.10jqka.com.cn/gn/detail/code/301564/,301564
273,2014-08-28,阿里巴巴概念,107,http://q.10jqka.com.cn/gn/detail/code/301558/,301558
274,2014-07-04,细胞免疫治疗,29,http://q.10jqka.com.cn/gn/detail/code/301543/,301543
275,2014-07-02,中韩自贸区,11,http://q.10jqka.com.cn/gn/detail/code/301541/,301541
276,2014-06-13,首发新股,22,http://q.10jqka.com.cn/gn/detail/code/301531/,301531
277,2014-05-20,国产软件,203,http://q.10jqka.com.cn/gn/detail/code/301524/,301524
278,2014-05-19,集成电路概念,186,http://q.10jqka.com.cn/gn/detail/code/301522/,301522
279,2014-05-13,高铁,84,http://q.10jqka.com.cn/gn/detail/code/301518/,301518
280,2014-04-29,金属镍,26,http://q.10jqka.com.cn/gn/detail/code/301511/,301511
281,2014-04-26,医疗器械概念,282,http://q.10jqka.com.cn/gn/detail/code/301505/,301505
282,2014-04-14,白酒概念,47,http://q.10jqka.com.cn/gn/detail/code/301496/,301496
283,2014-04-14,啤酒概念,18,http://q.10jqka.com.cn/gn/detail/code/301497/,301497
284,2014-04-12,养老概念,97,http://q.10jqka.com.cn/gn/detail/code/301494/,301494
285,2014-04-11,粤港澳大湾区,168,http://q.10jqka.com.cn/gn/detail/code/301491/,301491
286,2014-01-07,工业大麻,49,http://q.10jqka.com.cn/gn/detail/code/301477/,301477
287,2013-12-31,汽车电子,200,http://q.10jqka.com.cn/gn/detail/code/301471/,301471
288,2013-12-24,航空发动机,41,http://q.10jqka.com.cn/gn/detail/code/301470/,301470
289,2013-12-11,华为概念,615,http://q.10jqka.com.cn/gn/detail/code/301459/,301459
290,2013-11-26,摘帽,61,http://q.10jqka.com.cn/gn/detail/code/301455/,301455
291,2013-10-24,口罩,162,http://q.10jqka.com.cn/gn/detail/code/301414/,301414
292,2013-09-12,信托概念,25,http://q.10jqka.com.cn/gn/detail/code/301377/,301377
293,2013-09-09,一带一路,343,http://q.10jqka.com.cn/gn/detail/code/301365/,301365
294,2013-07-30,染料,14,http://q.10jqka.com.cn/gn/detail/code/301292/,301292
295,2013-07-26,无人驾驶,122,http://q.10jqka.com.cn/gn/detail/code/301286/,301286
296,2013-07-24,小米概念,193,http://q.10jqka.com.cn/gn/detail/code/301278/,301278
297,2013-07-22,参股银行,140,http://q.10jqka.com.cn/gn/detail/code/301270/,301270
298,2013-07-17,机器视觉,86,http://q.10jqka.com.cn/gn/detail/code/301258/,301258
299,2013-07-17,百度概念,66,http://q.10jqka.com.cn/gn/detail/code/301259/,301259
300,2013-07-16,互联网彩票,15,http://q.10jqka.com.cn/gn/detail/code/301249/,301249
301,2013-07-16,眼科医疗,40,http://q.10jqka.com.cn/gn/detail/code/301252/,301252
302,2013-07-11,福建自贸区,19,http://q.10jqka.com.cn/gn/detail/code/301236/,301236
303,2013-07-10,天津自贸区,14,http://q.10jqka.com.cn/gn/detail/code/301229/,301229
304,2013-05-30,冷链物流,122,http://q.10jqka.com.cn/gn/detail/code/301179/,301179
305,2013-05-29,智能穿戴,69,http://q.10jqka.com.cn/gn/detail/code/301175/,301175
306,2013-05-24,人脸识别,64,http://q.10jqka.com.cn/gn/detail/code/301166/,301166
307,2013-05-14,上海自贸区,45,http://q.10jqka.com.cn/gn/detail/code/301128/,301128
308,2013-05-07,化肥,52,http://q.10jqka.com.cn/gn/detail/code/301104/,301104
309,2013-05-07,金属回收,22,http://q.10jqka.com.cn/gn/detail/code/301107/,301107
310,2013-05-06,足球概念,22,http://q.10jqka.com.cn/gn/detail/code/301100/,301100
311,2013-04-25,芯片概念,385,http://q.10jqka.com.cn/gn/detail/code/301085/,301085
312,2013-04-24,光伏概念,429,http://q.10jqka.com.cn/gn/detail/code/301079/,301079
313,2013-04-17,手机游戏,54,http://q.10jqka.com.cn/gn/detail/code/301050/,301050
314,2013-04-15,净水概念,16,http://q.10jqka.com.cn/gn/detail/code/301032/,301032
315,2013-04-01,乳业,31,http://q.10jqka.com.cn/gn/detail/code/300983/,300983
316,2013-03-28,航运概念,31,http://q.10jqka.com.cn/gn/detail/code/300973/,300973
317,2013-03-06,超级电容,29,http://q.10jqka.com.cn/gn/detail/code/300926/,300926
318,2013-02-27,语音技术,13,http://q.10jqka.com.cn/gn/detail/code/300917/,300917
319,2013-02-05,融资融券,3175,http://q.10jqka.com.cn/gn/detail/code/300900/,300900
320,2013-01-24,三胎概念,120,http://q.10jqka.com.cn/gn/detail/code/300891/,300891
321,2013-01-21,高端装备,205,http://q.10jqka.com.cn/gn/detail/code/300890/,300890
322,2013-01-11,无人机,109,http://q.10jqka.com.cn/gn/detail/code/300889/,300889
323,2012-12-20,ST板块,134,http://q.10jqka.com.cn/gn/detail/code/300862/,300862
324,2012-12-19,土地流转,38,http://q.10jqka.com.cn/gn/detail/code/300858/,300858
325,2012-12-05,5G,309,http://q.10jqka.com.cn/gn/detail/code/300843/,300843
326,2012-11-23,乡村振兴,205,http://q.10jqka.com.cn/gn/detail/code/300836/,300836
327,2012-11-22,大数据,266,http://q.10jqka.com.cn/gn/detail/code/300835/,300835
328,2012-11-10,量子科技,38,http://q.10jqka.com.cn/gn/detail/code/300830/,300830
329,2012-11-02,小金属概念,129,http://q.10jqka.com.cn/gn/detail/code/300809/,300809
330,2012-11-02,家用电器,77,http://q.10jqka.com.cn/gn/detail/code/300814/,300814
331,2012-10-31,文化传媒,183,http://q.10jqka.com.cn/gn/detail/code/300806/,300806
332,2012-10-09,充电桩,190,http://q.10jqka.com.cn/gn/detail/code/300786/,300786
333,2012-10-07,稀缺资源,44,http://q.10jqka.com.cn/gn/detail/code/300777/,300777
334,2012-09-26,生物医药,175,http://q.10jqka.com.cn/gn/detail/code/300769/,300769
335,2012-09-21,锂电池,346,http://q.10jqka.com.cn/gn/detail/code/300733/,300733
336,2012-09-20,卫星导航,92,http://q.10jqka.com.cn/gn/detail/code/300722/,300722
337,2012-09-19,中字头股票,130,http://q.10jqka.com.cn/gn/detail/code/300704/,300704
338,2012-09-19,世界杯,42,http://q.10jqka.com.cn/gn/detail/code/300714/,300714
339,2012-09-18,智能医疗,71,http://q.10jqka.com.cn/gn/detail/code/300682/,300682
340,2012-09-11,智慧城市,225,http://q.10jqka.com.cn/gn/detail/code/300642/,300642
341,2012-09-10,创投,291,http://q.10jqka.com.cn/gn/detail/code/300168/,300168
342,2012-09-10,电子商务,320,http://q.10jqka.com.cn/gn/detail/code/300186/,300186
343,2012-09-10,移动支付,69,http://q.10jqka.com.cn/gn/detail/code/300188/,300188
344,2012-09-10,风电,220,http://q.10jqka.com.cn/gn/detail/code/300200/,300200
345,2012-09-10,固废处理,106,http://q.10jqka.com.cn/gn/detail/code/300221/,300221
346,2012-09-10,光热发电,29,http://q.10jqka.com.cn/gn/detail/code/300223/,300223
347,2012-09-10,水利,101,http://q.10jqka.com.cn/gn/detail/code/300345/,300345
348,2012-09-10,钛白粉概念,14,http://q.10jqka.com.cn/gn/detail/code/300351/,300351
349,2012-09-10,碳纤维,29,http://q.10jqka.com.cn/gn/detail/code/300352/,300352
350,2012-09-10,特高压,85,http://q.10jqka.com.cn/gn/detail/code/300353/,300353
351,2012-09-10,通用航空,30,http://q.10jqka.com.cn/gn/detail/code/300362/,300362
352,2012-09-10,污水处理,160,http://q.10jqka.com.cn/gn/detail/code/300374/,300374
353,2012-09-10,物联网,262,http://q.10jqka.com.cn/gn/detail/code/300378/,300378
354,2012-09-10,稀土永磁,50,http://q.10jqka.com.cn/gn/detail/code/300382/,300382
355,2012-09-10,新疆振兴,57,http://q.10jqka.com.cn/gn/detail/code/300386/,300386
356,2012-09-10,参股新三板,168,http://q.10jqka.com.cn/gn/detail/code/300389/,300389
357,2012-09-10,页岩气,36,http://q.10jqka.com.cn/gn/detail/code/300402/,300402
358,2012-09-05,网络游戏,60,http://q.10jqka.com.cn/gn/detail/code/300019/,300019
359,2012-09-05,智能电网,152,http://q.10jqka.com.cn/gn/detail/code/300037/,300037
360,2012-09-05,节能照明,80,http://q.10jqka.com.cn/gn/detail/code/300053/,300053
361,2012-09-05,京津冀一体化,75,http://q.10jqka.com.cn/gn/detail/code/300061/,300061
362,2012-09-05,海峡两岸,25,http://q.10jqka.com.cn/gn/detail/code/300066/,300066
363,2012-09-05,军工,479,http://q.10jqka.com.cn/gn/detail/code/300082/,300082
364,2012-09-05,氟化工概念,24,http://q.10jqka.com.cn/gn/detail/code/300085/,300085
365,2012-09-05,横琴新区,47,http://q.10jqka.com.cn/gn/detail/code/300087/,300087
366,2012-09-05,磷化工,44,http://q.10jqka.com.cn/gn/detail/code/300098/,300098
367,2012-09-05,参股券商,119,http://q.10jqka.com.cn/gn/detail/code/300100/,300100
368,2012-09-05,生物疫苗,55,http://q.10jqka.com.cn/gn/detail/code/300106/,300106
383,,草甘膦,,http://q.10jqka.com.cn/gn/detail/code/300157/,300157
405,,国家大基金持股 ,,http://q.10jqka.com.cn/gn/detail/code/307816/,307816
473,,核电,,http://q.10jqka.com.cn/gn/detail/code/300238/,300238
486,,黄金概念,,http://q.10jqka.com.cn/gn/detail/code/300248/,300248
497,,建筑节能,,http://q.10jqka.com.cn/gn/detail/code/300261/,300261
502,,金改,,http://q.10jqka.com.cn/gn/detail/code/300265/,300265
530,,流感,,http://q.10jqka.com.cn/gn/detail/code/300038/,300038
557,,苹果概念,,http://q.10jqka.com.cn/gn/detail/code/300309/,300309
558,,PM2.5,,http://q.10jqka.com.cn/gn/detail/code/300134/,300134
591,,石墨烯,,http://q.10jqka.com.cn/gn/detail/code/300337/,300337
660,,新能源汽车,,http://q.10jqka.com.cn/gn/detail/code/300008/,300008
